{"cameraMode":{"drawMode":0,"name":"Shaded","section":"Shading Mode"},"sceneLighting":true,"audioPlay":false,"sceneViewState":{"showFog":true,"showMaterialUpdate":false,"showSkybox":true,"showFlares":true,"showImageEffects":true,"showParticleSystems":true},"in2DMode":false,"pivot":{"x":72.21444702148438,"y":-97.49911499023438,"z":-200.2564697265625},"rotation":{"x":0.005772524978965521,"y":-0.9892621636390686,"z":0.14041884243488313,"w":0.04067463427782059},"size":233.32286071777345,"orthographic":false}