{"cameraMode":{"drawMode":0,"name":"Shaded","section":"Shading Mode"},"sceneLighting":true,"audioPlay":false,"sceneViewState":{"showFog":true,"showMaterialUpdate":false,"showSkybox":true,"showFlares":true,"showImageEffects":true,"showParticleSystems":true},"in2DMode":false,"pivot":{"x":-32.08061599731445,"y":3.083076000213623,"z":7.164281845092773},"rotation":{"x":-0.022413665428757669,"y":0.9755078554153442,"z":-0.18356622755527497,"w":-0.11911098659038544},"size":5.659122467041016,"orthographic":true}