{"cameraMode":{"drawMode":0,"name":"Shaded","section":"Shading Mode"},"sceneLighting":true,"audioPlay":false,"sceneViewState":{"showFog":true,"showMaterialUpdate":false,"showSkybox":true,"showFlares":true,"showImageEffects":true,"showParticleSystems":true},"in2DMode":false,"pivot":{"x":-37.652191162109378,"y":2.15641713142395,"z":12.596735000610352},"rotation":{"x":0.003970099147409201,"y":0.9940459728240967,"z":-0.10174580663442612,"w":0.03878745064139366},"size":3.1324338912963869,"orthographic":true}