{"cameraMode":{"drawMode":0,"name":"Shaded","section":"Shading Mode"},"sceneLighting":true,"audioPlay":false,"sceneViewState":{"showFog":true,"showMaterialUpdate":false,"showSkybox":true,"showFlares":true,"showImageEffects":true,"showParticleSystems":true},"in2DMode":false,"pivot":{"x":-47.8289680480957,"y":5.49773645401001,"z":7.176261901855469},"rotation":{"x":0.0035679959692060949,"y":-0.9961929321289063,"z":0.06945893913507462,"w":0.0541747584939003},"size":2.045689105987549,"orthographic":true}