{"cameraMode":{"drawMode":0,"name":"Shaded","section":"Shading Mode"},"sceneLighting":true,"audioPlay":false,"sceneViewState":{"showFog":true,"showMaterialUpdate":false,"showSkybox":true,"showFlares":true,"showImageEffects":true,"showParticleSystems":true},"in2DMode":false,"pivot":{"x":25.903146743774415,"y":0.19260378181934358,"z":8.28478717803955},"rotation":{"x":0.05649103224277496,"y":0.880984902381897,"z":-0.10891193896532059,"w":0.4569721519947052},"size":7.0886311531066898,"orthographic":true}