{"cameraMode":{"drawMode":0,"name":"Shaded","section":"Shading Mode"},"sceneLighting":true,"audioPlay":false,"sceneViewState":{"showFog":true,"showMaterialUpdate":false,"showSkybox":true,"showFlares":true,"showImageEffects":true,"showParticleSystems":true},"in2DMode":false,"pivot":{"x":-36.44568634033203,"y":0.9177782535552979,"z":8.05505657196045},"rotation":{"x":0.002856253879144788,"y":0.9815234541893005,"z":-0.1908029317855835,"w":0.014724576845765114},"size":2.3782193660736086,"orthographic":true}