{"cameraMode":{"drawMode":0,"name":"Shaded","section":"Shading Mode"},"sceneLighting":true,"audioPlay":false,"sceneViewState":{"showFog":true,"showMaterialUpdate":false,"showSkybox":true,"showFlares":true,"showImageEffects":true,"showParticleSystems":true},"in2DMode":false,"pivot":{"x":-214.72433471679688,"y":-1.7241170406341553,"z":-44.330902099609378},"rotation":{"x":-0.0009643577504903078,"y":0.9978209137916565,"z":-0.06444880366325379,"w":-0.014968589879572392},"size":38.5466423034668,"orthographic":true}