{"cameraMode":{"drawMode":0,"name":"Shaded","section":"Shading Mode"},"sceneLighting":true,"audioPlay":false,"sceneViewState":{"showFog":true,"showMaterialUpdate":false,"showSkybox":true,"showFlares":true,"showImageEffects":true,"showParticleSystems":true},"in2DMode":false,"pivot":{"x":24.447017669677736,"y":-0.256683349609375,"z":7.85107421875},"rotation":{"x":-0.0005626722704619169,"y":0.9991874694824219,"z":-0.037486955523490909,"w":-0.01498846709728241},"size":1.4092543125152588,"orthographic":true}