{"cameraMode":{"drawMode":0,"name":"Shaded","section":"Shading Mode"},"sceneLighting":true,"audioPlay":false,"sceneViewState":{"showFog":true,"showMaterialUpdate":false,"showSkybox":true,"showFlares":true,"showImageEffects":true,"showParticleSystems":true},"in2DMode":false,"pivot":{"x":-61.501304626464847,"y":-0.7295928001403809,"z":-50.82758712768555},"rotation":{"x":-0.00035823960206471384,"y":0.994536817073822,"z":-0.10571707040071488,"w":-0.0017251280369237066},"size":28.212915420532228,"orthographic":true}