{"cameraMode":{"drawMode":0,"name":"Shaded","section":"Shading Mode"},"sceneLighting":true,"audioPlay":false,"sceneViewState":{"showFog":true,"showMaterialUpdate":false,"showSkybox":true,"showFlares":true,"showImageEffects":true,"showParticleSystems":true},"in2DMode":false,"pivot":{"x":59.417823791503909,"y":-7.461806297302246,"z":-28.499319076538087},"rotation":{"x":-0.0028938492760062219,"y":0.9967540502548218,"z":-0.068885438144207,"w":-0.04188915714621544},"size":47.75050735473633,"orthographic":true}