{"cameraMode":{"drawMode":0,"name":"Shaded","section":"Shading Mode"},"sceneLighting":true,"audioPlay":false,"sceneViewState":{"showFog":true,"showMaterialUpdate":false,"showSkybox":true,"showFlares":true,"showImageEffects":true,"showParticleSystems":true},"in2DMode":false,"pivot":{"x":-36.01279067993164,"y":2.272160530090332,"z":10.438606262207032},"rotation":{"x":0.06333929300308228,"y":0.9124570488929749,"z":-0.15475192666053773,"w":0.3734710216522217},"size":4.5017476081848148,"orthographic":true}