{"cameraMode":{"drawMode":0,"name":"Shaded","section":"Shading Mode"},"sceneLighting":true,"audioPlay":false,"sceneViewState":{"showFog":true,"showMaterialUpdate":false,"showSkybox":true,"showFlares":true,"showImageEffects":true,"showParticleSystems":true},"in2DMode":false,"pivot":{"x":-45.832977294921878,"y":5.150951385498047,"z":4.099999904632568},"rotation":{"x":-0.001635886263102293,"y":-0.9978476762771606,"z":0.06354357302188873,"w":-0.021524125710129739},"size":15.708539009094239,"orthographic":true}