{"cameraMode":{"drawMode":0,"name":"Shaded","section":"Shading Mode"},"sceneLighting":true,"audioPlay":false,"sceneViewState":{"showFog":true,"showMaterialUpdate":false,"showSkybox":true,"showFlares":true,"showImageEffects":true,"showParticleSystems":true},"in2DMode":false,"pivot":{"x":32.19422149658203,"y":5.36883544921875,"z":5.2593994140625},"rotation":{"x":-0.003603049088269472,"y":-0.9782037138938904,"z":0.20696315169334413,"w":-0.017030147835612298},"size":0.9293217658996582,"orthographic":true}