{"cameraMode":{"drawMode":0,"name":"Shaded","section":"Shading Mode"},"sceneLighting":true,"audioPlay":false,"sceneViewState":{"showFog":true,"showMaterialUpdate":false,"showSkybox":true,"showFlares":true,"showImageEffects":true,"showParticleSystems":true},"in2DMode":false,"pivot":{"x":-278.5499267578125,"y":-2.603038787841797,"z":-12.657575607299805},"rotation":{"x":-0.0002213457482866943,"y":0.9997733235359192,"z":-0.013197716325521469,"w":-0.016797764226794244},"size":16.518753051757814,"orthographic":true}