{"cameraMode":{"drawMode":0,"name":"Shaded","section":"Shading Mode"},"sceneLighting":false,"audioPlay":false,"sceneViewState":{"showFog":true,"showMaterialUpdate":false,"showSkybox":false,"showFlares":true,"showImageEffects":true,"showParticleSystems":true},"in2DMode":false,"pivot":{"x":27.12176513671875,"y":2.637807846069336,"z":14.52174186706543},"rotation":{"x":0.009403069503605366,"y":-0.9863621592521668,"z":0.06073776260018349,"w":0.15270008146762849},"size":0.9882788062095642,"orthographic":true}