{"cameraMode":{"drawMode":0,"name":"Shaded","section":"Shading Mode"},"sceneLighting":true,"audioPlay":false,"sceneViewState":{"showFog":true,"showMaterialUpdate":false,"showSkybox":true,"showFlares":true,"showImageEffects":true,"showParticleSystems":true},"in2DMode":false,"pivot":{"x":140.1997833251953,"y":-10.595073699951172,"z":-51.544044494628909},"rotation":{"x":0.004511822946369648,"y":0.9869852066040039,"z":-0.15826664865016938,"w":0.02813670225441456},"size":21.569826126098634,"orthographic":true}