{"cameraMode":{"drawMode":0,"name":"Shaded","section":"Shading Mode"},"sceneLighting":true,"audioPlay":false,"sceneViewState":{"showFog":true,"showMaterialUpdate":false,"showSkybox":true,"showFlares":true,"showImageEffects":true,"showParticleSystems":true},"in2DMode":false,"pivot":{"x":-8.0389404296875,"y":-0.002777099609375,"z":16.279296875},"rotation":{"x":0.0006882986053824425,"y":0.9993138313293457,"z":0.025488009676337243,"w":-0.026987969875335695},"size":3.0052876472473146,"orthographic":true}