{"cameraMode":{"drawMode":0,"name":"Shaded","section":"Shading Mode"},"sceneLighting":true,"audioPlay":false,"sceneViewState":{"showFog":true,"showMaterialUpdate":false,"showSkybox":true,"showFlares":true,"showImageEffects":true,"showParticleSystems":true},"in2DMode":false,"pivot":{"x":22.52880859375,"y":1.116943359375,"z":10.669921875},"rotation":{"x":0.012604610063135624,"y":0.9824991226196289,"z":-0.07234400510787964,"w":0.1711820662021637},"size":2.3808460235595705,"orthographic":true}