{"cameraMode":{"drawMode":0,"name":"Shaded","section":"Shading Mode"},"sceneLighting":true,"audioPlay":false,"sceneViewState":{"showFog":true,"showMaterialUpdate":false,"showSkybox":true,"showFlares":true,"showImageEffects":true,"showParticleSystems":true},"in2DMode":false,"pivot":{"x":-73.5068359375,"y":-8.62335205078125,"z":-33.779296875},"rotation":{"x":-0.0001709770440356806,"y":0.99957674741745,"z":-0.005997532978653908,"w":-0.028495660051703454},"size":9.818669319152832,"orthographic":true}