{"cameraMode":{"drawMode":0,"name":"Shaded","section":"Shading Mode"},"sceneLighting":true,"audioPlay":false,"sceneViewState":{"showFog":true,"showMaterialUpdate":false,"showSkybox":true,"showFlares":true,"showImageEffects":true,"showParticleSystems":true},"in2DMode":false,"pivot":{"x":26.147987365722658,"y":-0.7416286468505859,"z":5.366909027099609},"rotation":{"x":-0.008625837042927742,"y":-0.982951283454895,"z":0.17734436690807343,"w":-0.04781077802181244},"size":8.835302352905274,"orthographic":true}