{"cameraMode":{"drawMode":0,"name":"Shaded","section":"Shading Mode"},"sceneLighting":true,"audioPlay":false,"sceneViewState":{"showFog":true,"showMaterialUpdate":false,"showSkybox":true,"showFlares":true,"showImageEffects":true,"showParticleSystems":true},"in2DMode":false,"pivot":{"x":50.57584762573242,"y":7.790584564208984,"z":-38.991783142089847},"rotation":{"x":0.03724976256489754,"y":0.9587084650993347,"z":-0.14931076765060426,"w":0.23918911814689637},"size":83.06065368652344,"orthographic":true}