{"cameraMode":{"drawMode":0,"name":"Shaded","section":"Shading Mode"},"sceneLighting":true,"audioPlay":false,"sceneViewState":{"showFog":true,"showMaterialUpdate":false,"showSkybox":true,"showFlares":true,"showImageEffects":true,"showParticleSystems":true},"in2DMode":false,"pivot":{"x":-69.73255157470703,"y":-12.08816146850586,"z":-31.146690368652345},"rotation":{"x":0.009824921377003193,"y":0.9862761497497559,"z":-0.06370314210653305,"w":0.15208865702152253},"size":17.14242172241211,"orthographic":true}