{"cameraMode":{"drawMode":0,"name":"Shaded","section":"Shading Mode"},"sceneLighting":true,"audioPlay":false,"sceneViewState":{"showFog":true,"showMaterialUpdate":false,"showSkybox":true,"showFlares":true,"showImageEffects":true,"showParticleSystems":true},"in2DMode":false,"pivot":{"x":14.939648628234864,"y":-0.564862072467804,"z":7.853521347045898},"rotation":{"x":-0.000005814904852741165,"y":0.9933479428291321,"z":-0.11524458229541779,"w":1.34247116534425e-7},"size":1.3004932403564454,"orthographic":true}