{"cameraMode":{"drawMode":0,"name":"Shaded","section":"Shading Mode"},"sceneLighting":true,"audioPlay":false,"sceneViewState":{"showFog":true,"showMaterialUpdate":false,"showSkybox":true,"showFlares":true,"showImageEffects":true,"showParticleSystems":true},"in2DMode":false,"pivot":{"x":-1.079010009765625,"y":4.484100341796875,"z":-2.387483596801758},"rotation":{"x":0.00002349710848648101,"y":0.9977269172668457,"z":-0.06744900345802307,"w":0.0003135880979243666},"size":31.370317459106447,"orthographic":true}