{"cameraMode":{"drawMode":0,"name":"Shaded","section":"Shading Mode"},"sceneLighting":true,"audioPlay":false,"sceneViewState":{"showFog":true,"showMaterialUpdate":false,"showSkybox":true,"showFlares":true,"showImageEffects":true,"showParticleSystems":true},"in2DMode":false,"pivot":{"x":27.397287368774415,"y":0.16013307869434358,"z":8.83752155303955},"rotation":{"x":-0.00011282177729299292,"y":0.9998618364334106,"z":-0.0074989525601267818,"w":-0.014998583123087883},"size":1.97654390335083,"orthographic":true}