{"cameraMode":{"drawMode":0,"name":"Shaded","section":"Shading Mode"},"sceneLighting":true,"audioPlay":false,"sceneViewState":{"showFog":true,"showMaterialUpdate":false,"showSkybox":true,"showFlares":true,"showImageEffects":true,"showParticleSystems":true},"in2DMode":false,"pivot":{"x":23.81121063232422,"y":0.16013066470623017,"z":8.945127487182618},"rotation":{"x":-0.00011282177729299292,"y":0.9998618364334106,"z":-0.0074989525601267818,"w":-0.014998583123087883},"size":3.015249013900757,"orthographic":true}