{"cameraMode":{"drawMode":0,"name":"Shaded","section":"Shading Mode"},"sceneLighting":true,"audioPlay":false,"sceneViewState":{"showFog":true,"showMaterialUpdate":false,"showSkybox":true,"showFlares":true,"showImageEffects":true,"showParticleSystems":true},"in2DMode":false,"pivot":{"x":-57.60626220703125,"y":-0.495361328125,"z":3.138671875},"rotation":{"x":0.003241951810196042,"y":0.993109405040741,"z":-0.11370755732059479,"w":0.02831118553876877},"size":11.029104232788086,"orthographic":true}