{"cameraMode":{"drawMode":0,"name":"Shaded","section":"Shading Mode"},"sceneLighting":true,"audioPlay":false,"sceneViewState":{"showFog":true,"showMaterialUpdate":false,"showSkybox":true,"showFlares":true,"showImageEffects":true,"showParticleSystems":true},"in2DMode":false,"pivot":{"x":50.57584762573242,"y":7.790584564208984,"z":-38.991783142089847},"rotation":{"x":0.058773223310709,"y":0.929320216178894,"z":-0.16910865902900697,"w":0.32299473881721499},"size":3.81278395652771,"orthographic":true}