{"cameraMode":{"drawMode":0,"name":"Shaded","section":"Shading Mode"},"sceneLighting":true,"audioPlay":false,"sceneViewState":{"showFog":true,"showMaterialUpdate":false,"showSkybox":true,"showFlares":true,"showImageEffects":true,"showParticleSystems":true},"in2DMode":false,"pivot":{"x":-107.6376953125,"y":-10.400634765625,"z":-44.135986328125},"rotation":{"x":0.0929255485534668,"y":0.8488854169845581,"z":-0.15920595824718476,"w":0.49543312191963198},"size":8.53227710723877,"orthographic":true}