{"cameraMode":{"drawMode":0,"name":"Shaded","section":"Shading Mode"},"sceneLighting":true,"audioPlay":false,"sceneViewState":{"showFog":true,"showMaterialUpdate":false,"showSkybox":true,"showFlares":true,"showImageEffects":true,"showParticleSystems":true},"in2DMode":false,"pivot":{"x":-35.5634765625,"y":-9.740692138671875,"z":-46.137969970703128},"rotation":{"x":0.003194027580320835,"y":0.9963607788085938,"z":-0.0733647570014,"w":0.0433691143989563},"size":15.376826286315918,"orthographic":true}