{"cameraMode":{"drawMode":0,"name":"Shaded","section":"Shading Mode"},"sceneLighting":true,"audioPlay":false,"sceneViewState":{"showFog":true,"showMaterialUpdate":false,"showSkybox":true,"showFlares":true,"showImageEffects":true,"showParticleSystems":true},"in2DMode":false,"pivot":{"x":145.24964904785157,"y":8.807256698608399,"z":54.7469596862793},"rotation":{"x":0.00033712596632540226,"y":0.999188244342804,"z":-0.00899373646825552,"w":0.04048865661025047},"size":73.26431274414063,"orthographic":true}