{"cameraMode":{"drawMode":0,"name":"Shaded","section":"Shading Mode"},"sceneLighting":true,"audioPlay":false,"sceneViewState":{"showFog":true,"showMaterialUpdate":false,"showSkybox":true,"showFlares":true,"showImageEffects":true,"showParticleSystems":true},"in2DMode":false,"pivot":{"x":165.4488525390625,"y":-24.054950714111329,"z":-42.5955924987793},"rotation":{"x":-0.0002362086670473218,"y":0.9994760751724243,"z":-0.031493909657001498,"w":-0.007496223319321871},"size":24.303220748901368,"orthographic":true}