{"cameraMode":{"drawMode":0,"name":"Shaded","section":"Shading Mode"},"sceneLighting":true,"audioPlay":false,"sceneViewState":{"showFog":true,"showMaterialUpdate":false,"showSkybox":true,"showFlares":true,"showImageEffects":true,"showParticleSystems":true},"in2DMode":false,"pivot":{"x":-224.8000030517578,"y":-9.699999809265137,"z":-39.712833404541019},"rotation":{"x":-0.00003593459041439928,"y":0.9999242424964905,"z":-0.01199966948479414,"w":-0.002999763237312436},"size":7.242198467254639,"orthographic":true}