{"cameraMode":{"drawMode":0,"name":"Shaded","section":"Shading Mode"},"sceneLighting":true,"audioPlay":false,"sceneViewState":{"showFog":true,"showMaterialUpdate":false,"showSkybox":true,"showFlares":true,"showImageEffects":true,"showParticleSystems":true},"in2DMode":false,"pivot":{"x":-39.99639129638672,"y":2.9805078506469728,"z":7.005858421325684},"rotation":{"x":0.07010878622531891,"y":0.9215935468673706,"z":-0.19787612557411195,"w":0.3265196979045868},"size":4.040446758270264,"orthographic":true}