{"cameraMode":{"drawMode":0,"name":"Shaded","section":"Shading Mode"},"sceneLighting":true,"audioPlay":false,"sceneViewState":{"showFog":true,"showMaterialUpdate":false,"showSkybox":true,"showFlares":true,"showImageEffects":true,"showParticleSystems":true},"in2DMode":false,"pivot":{"x":-64.24185180664063,"y":11.376953125,"z":11.471122741699219},"rotation":{"x":0.031505078077316287,"y":0.9684552550315857,"z":-0.17923249304294587,"w":0.1702326238155365},"size":15.373554229736329,"orthographic":true}