{"cameraMode":{"drawMode":0,"name":"Shaded","section":"Shading Mode"},"sceneLighting":true,"audioPlay":false,"sceneViewState":{"showFog":true,"showMaterialUpdate":false,"showSkybox":true,"showFlares":true,"showImageEffects":true,"showParticleSystems":true},"in2DMode":false,"pivot":{"x":161.5279541015625,"y":0.37221890687942507,"z":-15.982017517089844},"rotation":{"x":-0.0009645905811339617,"y":0.9981542229652405,"z":-0.05845872685313225,"w":-0.016471022740006448},"size":35.4693603515625,"orthographic":true}