{"cameraMode":{"drawMode":0,"name":"Shaded","section":"Shading Mode"},"sceneLighting":true,"audioPlay":false,"sceneViewState":{"showFog":true,"showMaterialUpdate":false,"showSkybox":true,"showFlares":true,"showImageEffects":true,"showParticleSystems":true},"in2DMode":false,"pivot":{"x":129.76441955566407,"y":-12.773807525634766,"z":-13.846026420593262},"rotation":{"x":0.0001440647611161694,"y":0.9988450407981873,"z":-0.04798125848174095,"w":0.0029966593720018865},"size":35.09534454345703,"orthographic":true}