{"cameraMode":{"drawMode":0,"name":"Shaded","section":"Shading Mode"},"sceneLighting":true,"audioPlay":false,"sceneViewState":{"showFog":true,"showMaterialUpdate":false,"showSkybox":true,"showFlares":true,"showImageEffects":true,"showParticleSystems":true},"in2DMode":false,"pivot":{"x":203.18960571289063,"y":-17.57284927368164,"z":-47.83533477783203},"rotation":{"x":-0.0002156444825232029,"y":0.9997697472572327,"z":-0.011997784487903118,"w":-0.017997968941926957},"size":14.402149200439454,"orthographic":true}