{"cameraMode":{"drawMode":0,"name":"Shaded","section":"Shading Mode"},"sceneLighting":true,"audioPlay":false,"sceneViewState":{"showFog":true,"showMaterialUpdate":false,"showSkybox":true,"showFlares":true,"showImageEffects":true,"showParticleSystems":true},"in2DMode":false,"pivot":{"x":24.980712890625,"y":0.19802892208099366,"z":9.817171096801758},"rotation":{"x":0.018651524558663369,"y":0.9812123775482178,"z":-0.14378243684768678,"w":0.12728329002857209},"size":6.932975769042969,"orthographic":true}