{"cameraMode":{"drawMode":0,"name":"Shaded","section":"Shading Mode"},"sceneLighting":true,"audioPlay":false,"sceneViewState":{"showFog":true,"showMaterialUpdate":false,"showSkybox":true,"showFlares":true,"showImageEffects":true,"showParticleSystems":true},"in2DMode":false,"pivot":{"x":26.147987365722658,"y":-0.7416286468505859,"z":5.366909027099609},"rotation":{"x":0.03514312207698822,"y":-0.893932044506073,"z":0.07121752202510834,"w":0.4411158263683319},"size":19.31065559387207,"orthographic":true}